1,Michael Brown,1965-07-23,michael@example.com
2,Laura Wilson,1970-10-01,laura@example.com
3,David Miller,1963-11-11,david@example.com
4,James Davis,1975-03-15,james@example.com
5,Sarah Lee,1968-05-10,sarah@example.com
6,Olivia Lee,1972-07-08,olivia@example.com
7,Sophia Lewis,1967-09-02,sophia@example.com
8,Ava Clark,1974-11-08,ava@example.com
9,Isabella Garcia,1969-01-15,isabella@example.com
10,Mia Hernandez,1976-03-12,mia@example.com
11,Abigail Lee,1971-05-10,abigail@example.com
12,Elizabeth Lewis,1978-07-08,elizabeth@example.com
13,Samantha Clark,1973-09-02,samantha@example.com
14,Lily Garcia,1979-11-08,lily@example.com
15,Chloe Davis,1974-01-15,chloe@example.com
16,Samantha Lewis,1977-03-12,samantha@example.com
17,Mia Lee,1972-05-10,mia@example.com
18,Sophia Hernandez,1975-07-08,sophia@example.com
19,Olivia Clark,1970-09-02,olivia@example.com
O20,Pum,2005-12-07,pumcutii@gmail.com
